Player,Pos,To,AP1,PB,St,wAV,G,Cmp,Att,Yds,TD,Int,Att,Yds,TD,Rec,Yds,TD,Solo,Int,Sk,-9999
Phillip Adams,DB,2015,0,0,0,9,78,0,0,0,0,0,0,0,0,0,0,0,108,5,,AdamPh00
Seyi Ajirotutu,WR,2015,0,0,0,4,70,0,0,0,0,0,0,0,0,25,424,3,36,,,AjirSe00
Danario Alexander,WR,2012,0,0,0,9,28,0,1,0,0,0,0,0,0,83,1395,10,,,,AlexDa00
Kevin Alexander,LB-DE,2010,0,0,0,0,8,0,0,0,0,0,0,0,0,0,0,0,3,,,AlexKe02
Nate Allen,DB,2017,0,0,5,29,100,0,0,0,0,0,0,0,0,0,0,0,303,13,4.0,AlleNa99
Tyson Alualu,DT,2021,0,0,7,44,174,0,0,0,0,0,1,0,0,2,19,0,254,,24.5,AluaTy99
Jonathon Amaya,DB,2012,0,0,0,3,38,0,0,0,0,0,0,0,0,0,0,0,29,,,AmayJo00
Andre' Anderson,RB,2010,0,0,0,0,2,0,0,0,0,0,0,0,0,0,0,0,,,,AndeAn23
Colt Anderson,DB,2017,0,0,0,6,84,0,0,0,0,0,1,-1,0,0,0,0,96,1,,AndeCo01
Vince Anderson,DB,2010,0,0,0,0,3,0,0,0,0,0,0,0,0,0,0,0,,,,AndeVi00
Pat Angerer,LB,2013,0,0,3,18,54,0,0,0,0,0,0,0,0,0,0,0,195,2,2.5,AngePa99
Javier Arenas,DB,2014,0,0,1,9,69,0,0,0,0,0,4,17,1,0,0,0,137,2,5.0,ArenJa99
Anthony Armstrong,WR,2012,0,0,1,6,35,0,0,0,0,0,2,19,0,54,986,5,7,,,ArmsAn00
Jon Asamoah,G,2014,0,0,4,21,75,0,0,0,0,0,0,0,0,0,0,0,,,,AsamJo20
Larry Asante,DB,2015,0,0,0,2,39,0,0,0,0,0,0,0,0,0,0,0,58,1,,AsanLa99
Johan Asiata,G,2010,0,0,0,0,2,0,0,0,0,0,0,0,0,0,0,0,,,,AsiaJo20
Geno Atkins,DT,2020,2,8,9,89,161,0,0,0,0,0,0,0,0,0,0,0,228,,75.5,AtkiGe99
Terrence Austin,WR,2011,0,0,0,1,18,0,0,0,0,0,0,0,0,15,184,0,2,,,AustTe00
Daniel Baldridge,T,2012,0,0,0,0,2,0,0,0,0,0,0,0,0,0,0,0,,,,BaldDa20
Jake Ballard,TE,2013,0,0,1,6,23,0,0,0,0,0,0,0,0,45,679,6,,,,BallJa21
Mike Balogun,LB,2010,0,0,0,0,2,0,0,0,0,0,0,0,0,0,0,0,,,,BaloMi20
Brandon Banks,WR,2012,0,0,0,1,41,1,1,49,1,0,10,43,0,11,35,0,,,,BankBr00
Gary Banks,WR,2010,0,0,0,0,2,0,0,0,0,0,0,0,0,1,2,0,,,,BankGa00
Will Barker,T,2010,0,0,0,0,3,0,0,0,0,0,0,0,0,0,0,0,,,,BarkWi20
Richard Bartel,QB,2011,0,0,0,0,3,26,50,236,1,2,1,9,0,0,0,0,,,,BartRi00
Zane Beadles,T,2018,0,1,7,53,137,0,0,0,0,0,0,0,0,0,0,0,,,,BeadZa20
Joique Bell,RB,2016,0,0,0,24,75,0,0,0,0,0,564,2241,22,162,1638,1,6,,,BellJo01
Arrelious Benn,WR,2017,0,0,2,8,61,0,0,0,0,0,15,44,0,65,990,6,24,,,BennAr00
Aaron Berry,DB,2014,0,0,0,3,20,0,0,0,0,0,0,0,0,0,0,0,32,1,,BerrAa00
Eric Berry,DB,2018,3,5,5,50,89,0,0,0,0,0,0,0,0,0,0,0,377,14,5.5,BerrEr99
Jahvid Best,RB,2011,0,0,2,13,22,0,1,0,0,0,255,945,6,85,774,3,,,,BestJa00
LeGarrette Blount,RB,2018,0,0,5,39,132,0,0,0,0,0,1495,6306,56,64,454,2,,,,BlouLe00
Alex Boone,T,2020,0,0,6,35,106,0,0,0,0,0,0,0,0,0,0,0,,,,BoonAl21
NaVorro Bowman,LB,2017,4,3,5,71,99,0,0,0,0,0,0,0,0,0,0,0,585,5,14.0,BowmNa99
Sam Bradford,QB,2018,0,0,5,44,83,1855,2967,19449,103,61,146,340,2,1,5,0,,,,BradSa00
Josh Brent,DT,2014,0,0,0,5,40,0,0,0,0,0,0,0,0,0,0,0,32,,1.5,BrenJo00
Curtis Brinkley,RB,2012,0,0,0,2,23,0,0,0,0,0,71,227,1,19,118,0,1,,,BrinCu00
Dezmon Briscoe,WR,2012,0,0,0,4,25,0,0,0,0,0,1,1,0,43,502,7,,,,BrisDe00
Tramaine Brock,DB,2020,0,0,2,21,118,0,0,0,0,0,0,0,0,0,0,0,233,11,,BrocTr00
Chris Brooks,WR,2010,0,0,0,0,1,0,0,0,0,0,0,0,0,0,0,0,,,,BrooCh21
Antonio Brown,WR,2021,4,7,7,92,146,3,6,35,1,1,35,128,0,928,12291,83,6,,,BrowAn04
Charles Brown,T,2015,0,0,1,15,54,0,0,0,0,0,0,0,0,0,0,0,,,,BrowCh28
Cornelius Brown,DB,2010,0,0,0,1,10,0,0,0,0,0,0,0,0,0,0,0,19,,,BrowCo00
Levi Brown,QB,2010,0,0,0,0,1,2,3,24,0,1,0,0,0,0,0,0,,,,BrowLe00
Marcus Brown,DB,2010,0,0,0,0,1,0,0,0,0,0,0,0,0,0,0,0,,,,BrowMa25
Sergio Brown,DB,2016,0,0,1,10,94,0,0,0,0,0,0,0,0,0,0,0,109,1,2.5,BrowSe00
Stevie Brown,DB,2014,0,0,1,10,55,0,0,0,0,0,0,0,0,0,0,0,123,8,1.0,BrowSt99
Rob Bruggeman,C,2011,0,0,0,0,2,0,0,0,0,0,0,0,0,0,0,0,,,,BrugRo20
Chris Bryan,P,2010,0,0,0,0,4,0,0,0,0,0,0,0,0,0,0,0,1,,,BryaCh01
Dez Bryant,WR,2020,1,3,7,61,119,1,1,10,1,0,6,-3,0,537,7506,75,,,,BryaDe01
Bryan Bulaga,T,2021,0,0,9,56,126,0,0,0,0,0,0,0,0,0,0,0,,,,BulaBr20
Morgan Burnett,DB,2019,0,0,8,32,121,0,0,0,0,0,0,0,0,0,0,0,540,10,9.5,BurnMo99
Crezdon Butler,DB,2016,0,0,0,2,46,0,0,0,0,0,0,0,0,0,0,0,26,,,ButlCr99
Nate Byham,TE,2013,0,0,0,0,29,0,0,0,0,0,0,0,0,11,83,1,1,,,ByhaNa00
Duke Calhoun,WR,2010,0,0,0,0,9,0,0,0,0,0,0,0,0,1,4,0,5,,,CalhDu00
Jorrick Calvin,DB,2010,0,0,0,1,12,0,0,0,0,0,0,0,0,0,0,0,1,,,CalvJo99
Bruce Campbell,T,2012,0,0,0,1,19,0,0,0,0,0,0,0,0,0,0,0,,,,CampBr20
Caleb Campbell,DB,2010,0,0,0,0,2,0,0,0,0,0,0,0,0,0,0,0,2,,,CampCa00
Don Carey,DB,2018,0,0,1,12,100,0,0,0,0,0,0,0,0,0,0,0,148,3,,CareDo00
Alex Carrington,DE,2015,0,0,1,7,59,0,0,0,0,0,0,0,0,0,0,0,39,,4.0,CarrAl99
Nolan Carroll,DB,2017,0,0,4,20,103,0,0,0,0,0,0,0,0,0,0,0,239,8,3.0,CarrNo00
Brandon Carter,G,2011,0,0,0,1,11,0,0,0,0,0,0,0,0,0,0,0,,,,CartBr20
Todd Carter,K,2010,0,0,0,0,1,0,0,0,0,0,0,0,0,0,0,0,,,,CartTo21
Jehuu Caulcrick,RB,2010,0,0,0,0,2,0,0,0,0,0,1,2,0,0,0,0,,,,CaulJe00
Kam Chancellor,DB,2017,0,4,7,49,109,0,0,0,0,0,0,0,0,0,0,0,421,12,2.0,ChanKa99
Jamar Chaney,LB,2014,0,0,1,13,54,0,0,0,0,0,0,0,0,0,0,0,122,3,1.0,ChanJa98
Barry Church,DB,2018,0,0,6,31,117,0,0,0,0,0,0,0,0,0,0,0,453,10,2.5,ChurBa99
Chris Clark,T,2019,0,0,4,36,129,0,0,0,0,0,0,0,0,0,0,0,,,,ClarCh21
Jimmy Clausen,QB,2015,0,0,1,3,21,255,472,2520,7,14,37,102,0,0,0,0,,,,ClauJi00
Keenan Clayton,LB,2012,0,0,0,3,36,0,0,0,0,0,0,0,0,0,0,0,38,,,ClayKe99
Thomas Clayton,RB,2011,0,0,0,0,6,0,0,0,0,0,15,29,0,1,3,0,,,,ClayTh00
Terrence Cody,DT,2014,0,0,1,14,57,0,0,0,0,0,0,0,0,0,0,0,45,,,CodyTe99
Antonio Coleman,DE,2011,0,0,0,1,11,0,0,0,0,0,0,0,0,0,0,0,9,,,ColeAn01
Kurt Coleman,LB,2019,0,0,6,33,146,0,0,0,0,0,0,0,0,0,0,0,401,21,2.0,ColeKu99
Nate Collins,DT,2013,0,0,0,4,27,0,0,0,0,0,0,0,0,0,0,0,12,,1.5,CollNa20
Britton Colquitt,P,2020,0,0,0,19,176,0,1,0,0,0,1,0,0,0,0,0,1,,,ColqBr00
John Conner,RB,2014,0,0,1,0,62,0,0,0,0,0,27,108,2,12,84,1,2,,,ConnJo00
Kavell Conner,LB,2015,0,0,3,20,78,0,0,0,0,0,0,0,0,0,0,0,208,,2.0,ConnKa99
Chris Cook,DB,2014,0,0,2,10,40,0,0,0,0,0,0,0,0,0,0,0,107,,1.0,CookCh99
Riley Cooper,WR,2015,0,0,3,17,88,0,0,0,0,0,0,18,0,169,2418,18,14,,,CoopRi00
Phil Costa,G-C,2013,0,0,1,12,26,0,0,0,0,0,0,0,0,0,0,0,,,,CostPh00
Morgan Cox,C,2021,1,4,0,13,182,0,0,0,0,0,0,0,0,0,0,0,9,,,CoxxMo00
Perrish Cox,DB,2016,0,0,4,19,81,0,0,0,0,0,0,0,0,0,0,0,191,10,,CoxxPe99
Tom Crabtree,TE,2013,0,0,0,3,53,0,0,0,0,0,0,0,0,22,323,5,12,,,CrabTo00
Victor Cruz,WR,2016,0,1,3,36,70,0,0,0,0,0,1,3,0,303,4549,25,1,,,CruzVi00
Jermelle Cudjo,DT,2015,0,0,0,6,45,0,0,0,0,0,0,0,0,0,0,0,41,,1.5,CudjJe00
Jeff Cumberland,TE,2017,0,0,4,9,72,0,0,0,0,0,0,0,0,88,1121,10,4,,,CumbJe00
Jermaine Cunningham,LB,2013,0,0,1,8,38,0,0,0,0,0,0,0,0,0,0,0,44,,3.5,CunnJe99
Rennie Curran,LB,2010,0,0,0,1,9,0,0,0,0,0,0,0,0,0,0,0,4,,,CurrRe99
Dominique Curry,WR,2011,0,0,0,0,18,0,0,0,0,0,0,0,0,0,0,0,11,,,CurrDo00
Jacob Cutrera,LB,2012,0,0,0,1,24,0,0,0,0,0,0,0,0,0,0,0,9,,,CutrJa00
Stanley Daniels,G,2010,0,0,0,2,7,0,0,0,0,0,0,0,0,0,0,0,,,,DaniSt20
Anthony Davis,T,2016,0,0,4,31,72,0,0,0,0,0,0,0,0,0,0,0,,,,DaviAn27
Britt Davis,WR,2010,0,0,0,0,3,0,0,0,0,0,0,0,0,0,0,0,4,,,DaviBr00
C.J. Davis,G,2012,0,0,0,1,14,0,0,0,0,0,0,0,0,0,0,0,,,,DaviC.20
Dexter Davis,LB,2011,0,0,0,1,16,0,0,0,0,0,0,0,0,0,0,0,10,,1.0,DaviDe99
Hall Davis,DE,2012,0,0,0,0,3,0,0,0,0,0,0,0,0,0,0,0,,,,DaviHa21
Brandon Deaderick,DT,2014,0,0,0,9,60,0,0,0,0,0,0,0,0,0,0,0,41,,5.5,DeadBr99
Eric Decker,WR,2017,0,0,5,45,111,0,2,0,0,0,1,1,0,439,5816,53,8,,,DeckEr00
Chris DeGeare,G,2010,0,0,0,2,8,0,0,0,0,0,0,0,0,0,0,0,,,,DeGeCh20
Dorin Dickerson,TE,2013,0,0,0,1,23,0,0,0,0,0,1,-8,0,11,151,0,,,,DickDo00
Ed Dickson,TE,2018,0,0,7,16,134,0,0,0,0,0,1,9,0,190,2128,15,14,,,DickEd00
Phillip Dillard,LB,2010,0,0,0,0,7,0,0,0,0,0,0,0,0,0,0,0,3,,,DillPh99
Anthony Dixon,RB,2015,0,0,0,7,96,0,0,0,0,0,274,934,11,23,140,0,31,,,DixoAn00
Marcus Dixon,DE,2012,0,0,0,4,22,0,0,0,0,0,0,0,0,0,0,0,15,,2.5,DixoMa00
Matt Dodge,P,2010,0,0,0,2,16,0,0,0,0,0,1,0,0,0,0,0,3,,,DodgMa99
Jim Dray,TE,2017,0,0,2,3,94,0,0,0,0,0,0,0,0,56,605,3,10,,,DrayJi00
Justin Drescher,C,2017,0,0,0,5,110,0,0,0,0,0,0,0,0,0,0,0,4,,,DresJu20
Vlad Ducasse,G,2018,0,0,4,21,111,0,0,0,0,0,0,0,0,0,0,0,,,,DucaVl20
Tim Duckworth,G,2010,0,0,0,0,5,0,0,0,0,0,0,0,0,0,0,0,,,,DuckTi20
Carlos Dunlap,DE,2021,0,2,7,66,180,0,0,0,0,0,0,0,0,0,0,0,359,2,96.0,DunlCa99
Jonathan Dwyer,RB,2014,0,0,1,8,38,0,0,0,0,0,246,1022,3,29,184,0,1,,,DwyeJo00
Armanti Edwards,QB,2013,0,0,0,1,41,2,3,11,0,0,3,12,0,6,131,0,,,,EdwaAr00
Brody Eldridge,C,2011,0,0,2,0,27,0,0,0,0,0,0,0,0,14,84,0,1,,,EldrBr00
Dedrick Epps,TE,2012,0,0,0,0,6,0,0,0,0,0,0,0,0,1,9,0,,,,EppsDe00
Ray Feinga,G,2010,0,0,0,0,3,0,0,0,0,0,0,0,0,0,0,0,,,,FeinRa20
Dane Fletcher,DE,2014,0,0,0,8,54,0,0,0,0,0,0,0,0,0,0,0,78,1,4.5,FletDa00
Jacoby Ford,WR,2013,0,0,1,12,38,0,0,0,0,0,19,201,2,57,848,3,1,,,FordJa01
Jason Fox,T,2015,0,0,1,9,37,0,0,0,0,0,0,0,0,0,0,0,,,,FoxxJa20
Dominique Franks,DB,2014,0,0,0,6,52,0,0,0,0,0,0,0,0,0,0,0,34,3,,FranDo99
Junior Galette,DE,2017,0,0,2,19,80,0,0,0,0,0,0,0,0,0,0,0,107,,34.5,GaleJu00
Clifton Geathers,DE,2014,0,0,0,3,37,0,0,0,0,0,0,0,0,0,0,0,17,,1.0,GeatCl99
Toby Gerhart,RB,2015,0,0,0,16,82,0,0,0,0,0,397,1675,7,100,809,3,7,,,GerhTo00
David Gettis,WR,2012,0,0,1,3,17,0,0,0,0,0,3,2,0,37,508,3,1,,,GettDa00
Brandon Ghee,DB,2014,0,0,0,2,29,0,0,0,0,0,0,0,0,0,0,0,17,1,,GheeBr99
Thaddeus Gibson,LB,2011,0,0,0,0,4,0,0,0,0,0,0,0,0,0,0,0,3,,,GibsTh99
Mardy Gilyard,WR,2012,0,0,0,1,19,0,0,0,0,0,0,0,0,8,78,0,5,,,GilyMa00
Travis Goethel,LB,2012,0,0,0,1,16,0,0,0,0,0,0,0,0,0,0,0,7,,,GoetTr99
Richard Goodman,WR,2012,0,0,0,1,26,0,0,0,0,0,0,0,0,1,25,0,10,,,GoodRi00
Josh Gordy,DB,2014,0,0,1,9,59,0,0,0,0,0,0,0,0,0,0,0,79,5,1.0,GordJo01
Brandon Graham,DE,2021,0,1,6,56,161,0,0,0,0,0,0,0,0,0,0,0,314,,59.0,GrahBr99
Garrett Graham,TE,2015,0,0,2,7,60,0,0,0,0,0,0,0,0,100,1059,10,5,,,GrahGa00
Jimmy Graham,TE,2021,1,5,10,61,184,0,0,0,0,0,2,3,0,713,8506,85,2,,,GrahJi00
Isaiah Greenhouse,LB,2010,0,0,0,0,2,0,0,0,0,0,0,0,0,0,0,0,,,,GreeIs20
Cory Greenwood,LB,2012,0,0,0,3,48,0,0,0,0,0,0,0,0,0,0,0,30,,,GreeCo01
Clint Gresham,LB,2015,0,0,0,5,96,0,0,0,0,0,0,0,0,0,0,0,4,,,GresCl00
Jermaine Gresham,TE,2018,0,2,9,28,132,0,0,0,0,0,0,0,0,377,3752,29,1,,,GresJe00
Everson Griffen,DE,2021,0,4,6,66,170,0,0,0,0,0,0,0,0,0,0,0,286,2,85.5,GrifEv99
Cody Grimm,DB,2012,0,0,1,5,23,0,0,0,0,0,0,0,0,0,0,0,56,2,,GrimCo99
Chris Gronkowski,RB,2012,0,0,0,0,35,0,0,0,0,0,5,17,0,8,46,1,6,,,GronCh00
Rob Gronkowski,TE,2021,4,5,11,78,143,0,0,0,0,0,1,2,1,621,9286,92,,,,GronRo00
Joe Haden,DB,2021,0,3,10,62,158,0,0,0,0,0,0,0,0,0,0,0,504,29,3.0,HadeJo99
Chad Hall,WR,2013,0,0,0,1,24,0,0,0,0,0,12,42,0,16,155,2,,,,HallCh00
Max Hall,QB,2010,0,0,0,1,6,39,78,370,1,6,1,-5,0,0,0,0,,,,HallMa00
Clay Harbor,TE,2016,0,0,2,7,98,0,0,0,0,0,0,0,0,114,1170,8,7,,,HarbCl00
Derek Hardman,T,2012,0,0,0,3,15,0,0,0,0,0,0,0,0,0,0,0,1,,,HardDe00
Greg Hardy,DE,2015,0,1,4,33,75,0,0,0,0,0,0,0,0,0,0,0,167,1,40.0,HardGr99
Dominique Harris,DB,2010,0,0,0,0,1,0,0,0,0,0,0,0,0,0,0,0,,,,HarrDo21
Larry Hart,DE,2010,0,0,0,1,14,0,0,0,0,0,0,0,0,0,0,0,5,,1.5,HartLa99
Kevin Haslam,T,2012,0,0,0,2,10,0,0,0,0,0,0,0,0,0,0,0,,,,HaslKe20
Joe Hawley,G,2017,0,0,3,27,91,0,0,0,0,0,0,0,0,0,0,0,,,,HawlJo20
Aaron Hernandez,TE,2012,0,0,2,21,38,0,0,0,0,0,9,97,0,175,1956,18,,,,HernAa00
Jesse Holley,WR,2011,0,0,0,1,28,0,0,0,0,0,0,0,0,7,169,0,14,,,HollJe00
Michael Hoomanawanui,TE,2017,0,0,3,5,87,0,0,0,0,0,1,0,0,57,646,8,2,,,HoomMi00
Jeremy Horne,WR,2011,0,0,0,0,12,0,0,0,0,0,1,5,0,0,0,0,4,,,HornJe00
Lamarr Houston,DT,2017,0,0,5,31,100,0,0,0,0,0,0,0,0,0,0,0,231,1,30.5,HousLa99
Austin Howard,T,2018,0,0,6,32,97,0,0,0,0,0,0,0,0,0,0,0,,,,HowaAu20
Cordaro Howard,T,2010,0,0,0,2,10,0,0,0,0,0,0,0,0,0,0,0,,,,HowaCo20
Jerry Hughes,DE,2021,0,0,8,62,184,0,0,0,0,0,0,0,0,0,0,0,276,1,58.0,HughJe99
Josh Hull,LB,2013,0,0,0,3,39,0,0,0,0,0,0,0,0,0,0,0,18,,,HullJo99
Pete Ittersagen,DB,2010,0,0,0,0,3,0,0,0,0,0,0,0,0,0,0,0,3,,,IttePe00
Mike Iupati,G,2020,1,4,10,67,140,0,0,0,0,0,0,0,0,1,10,0,1,,,IupaMi20
Travis Ivey,DT,2010,0,0,0,0,1,0,0,0,0,0,0,0,0,0,0,0,1,,,IveyTr00
Chris Ivory,RB,2018,0,1,2,33,108,0,0,0,0,0,1227,5237,29,107,948,3,,,,IvorCh00
Brian Jackson,DB,2011,0,0,0,1,13,0,0,0,0,0,0,0,0,0,0,0,7,,,JackBr01
Kareem Jackson,DB,2021,0,0,11,49,176,0,0,0,0,0,0,0,0,0,0,0,645,20,3.0,JackKa99
Rashawn Jackson,RB,2010,0,0,0,0,2,0,0,0,0,0,0,0,0,0,0,0,,,,JackRa23
Brandon James,WR,2010,0,0,0,0,3,0,0,0,0,0,0,0,0,6,40,0,,,,JameBr00
Javarris James,RB,2010,0,0,0,1,10,0,0,0,0,0,46,112,6,9,63,0,1,,,JameJa00
A.J. Jefferson,DB,2013,0,0,0,8,43,0,0,0,0,0,0,0,0,0,0,0,99,2,,JeffA.00
John Jerry,G,2019,0,0,6,40,132,0,0,0,0,0,0,0,0,0,0,0,,,,JerrJo20
Jerome Johnson,RB,2010,0,0,0,0,1,0,0,0,0,0,0,0,0,0,0,0,,,,JohnJe23
Marquis Johnson,DB,2011,0,0,0,0,5,0,0,0,0,0,0,0,0,0,0,0,5,,,JohnMa99
Micah Johnson,LB,2011,0,0,0,3,17,0,0,0,0,0,0,0,0,0,0,0,,,,JohnMi01
Arthur Jones,DT,2017,0,0,2,18,64,0,0,0,0,0,0,0,0,0,0,0,99,,10.0,JoneAr22
Donald Jones,WR,2012,0,0,2,8,35,0,0,0,0,0,4,3,0,82,887,6,8,,,JoneDo00
Onrea Jones,WR,2010,0,0,0,0,2,0,0,0,0,0,0,0,0,0,0,0,,,,JoneOn20
Reshad Jones,DB,2019,0,2,8,44,128,0,0,0,0,0,0,0,0,0,0,0,599,21,10.5,JoneRe99
Alex Joseph,LB,2010,0,0,0,0,1,0,0,0,0,0,0,0,0,0,0,0,,,,JoseAl00
Joe Joseph,DT,2010,0,0,0,0,1,0,0,0,0,0,0,0,0,0,0,0,,,,JoseJo21
Linval Joseph,DT,2021,0,2,11,69,171,0,0,0,0,0,0,0,0,0,0,0,379,,25.0,JoseLi99
Deji Karim,RB,2013,0,0,0,4,33,0,0,0,0,0,110,341,0,18,129,0,2,,,KariDe00
Brandon King,DB,2011,0,0,0,0,8,0,0,0,0,0,0,0,0,0,0,0,2,,,KingBr01
Max Komar,WR,2011,0,0,0,1,10,0,0,0,0,0,0,0,0,12,117,0,2,,,KomaMa00
Keaton Kristick,LB,2010,0,0,0,1,6,0,0,0,0,0,0,0,0,0,0,0,8,,,KrisKe00
Matt Kroul,DT,2010,0,0,0,1,6,0,0,0,0,0,0,0,0,0,0,0,3,,,KrouMa00
Brandon LaFell,WR,2018,0,0,5,43,125,0,1,0,0,0,11,130,0,406,5398,31,2,,,LaFeBr00
Austen Lane,DE,2013,0,0,2,7,30,0,0,0,0,0,0,0,0,0,0,0,47,,3.0,LaneAu99
Brandon Lang,LB,2010,0,0,0,1,10,0,0,0,0,0,0,0,0,0,0,0,1,,1.0,LangBr99
Ted Larsen,C,2020,0,0,5,36,137,0,0,0,0,0,0,0,0,0,0,0,,,,LarsTe20
Billy Latsko,RB,2010,0,0,0,0,1,0,0,0,0,0,0,0,0,0,0,0,1,,,LatsBi00
Shawn Lauvao,G,2018,0,0,7,36,99,0,0,0,0,0,0,0,0,0,0,0,,,,LauvSh20
Sean Lee,LB,2020,1,2,7,53,118,0,0,0,0,0,0,0,0,0,0,0,521,14,4.0,LeexSe99
Kendrick Lewis,DB,2018,0,0,6,30,103,0,0,0,0,0,0,0,0,0,0,0,255,9,,LewiKe00
Myron Lewis,DB,2012,0,0,0,1,28,0,0,0,0,0,0,0,0,0,0,0,20,,,LewiMy99
Trevard Lindley,DB,2010,0,0,0,1,11,0,0,0,0,0,0,0,0,0,0,0,22,1,,LindTr99
Jeff Linkenbach,T,2015,0,0,1,19,86,0,0,0,0,0,0,0,0,0,0,0,,,,LinkJe20
Sean Lissemore,DE,2015,0,0,2,13,69,0,0,0,0,0,0,0,0,0,0,0,78,1,6.5,LissSe99
Erik Lorig,DE,2014,0,0,1,2,66,0,0,0,0,0,3,4,0,39,220,2,19,,,LoriEr99
Kyle Love,DT,2019,0,0,2,18,115,0,0,0,0,0,0,0,0,0,0,0,81,,15.0,LoveKy00
Robert Malone,P,2013,0,0,0,4,31,0,0,0,0,0,0,0,0,0,0,0,4,,,MaloRo00
Chris Maragos,DB,2017,0,0,0,7,99,0,0,0,0,0,1,0,0,0,0,0,67,,,MaraCh99
Marc Mariani,WR,2016,0,1,0,5,70,0,0,0,0,0,2,19,0,27,324,0,7,,,MariMa00
Tim Masthay,P,2015,0,0,0,9,96,1,2,27,1,0,2,13,0,0,0,0,9,,,MastTi99
Jeron Mastrud,TE,2013,0,0,1,1,52,0,0,0,0,0,0,0,0,7,96,0,,,,MastJe20
Ricardo Mathews,DT,2016,0,0,0,14,96,0,0,0,0,0,0,0,0,0,0,0,66,,5.0,MathRi99
Ryan Mathews,RB,2016,0,1,5,44,86,0,0,0,0,0,1184,5261,37,179,1371,3,,,,MathRy00
John Matthews,WR,2010,0,0,0,0,3,0,0,0,0,0,0,0,0,0,0,0,,,,MattJo22
Kevin Matthews,C,2012,0,0,0,3,17,0,0,0,0,0,0,0,0,0,0,0,,,,MattKe20
Bryan Mattison,DE,2012,0,0,0,2,19,0,0,0,0,0,0,0,0,0,0,0,,,,MattBr20
Josh Mauga,LB,2015,0,0,2,18,59,0,0,0,0,0,0,0,0,0,0,0,161,3,1.5,MaugJo00
Taylor Mays,DB,2015,0,0,0,9,80,0,0,0,0,0,0,0,0,0,0,0,89,,1.0,MaysTa99
Bryan McCann,DB,2013,0,0,0,3,35,0,0,0,0,0,0,0,0,0,0,0,28,1,1.0,McCaBr01
Kyle McCarthy,DB,2011,0,0,0,0,12,0,0,0,0,0,0,0,0,0,0,0,6,,,McCaKy00
Robert McClain,DB,2017,0,0,1,14,94,0,0,0,0,0,0,0,0,0,0,0,239,7,2.5,McClRo98
Rolando McClain,LB,2015,0,0,5,25,65,0,0,0,0,0,0,0,0,0,0,0,288,4,9.5,McClRo00
Jacques McClendon,G,2015,0,0,0,3,25,0,0,0,0,0,0,0,0,0,0,0,,,,McClJa20
Dexter McCluster,WR,2016,0,1,1,21,89,0,0,0,0,0,250,1042,2,236,1993,7,1,,,McClDe00
Devin McCourty,DB,2021,0,2,12,68,188,0,0,0,0,0,0,0,0,0,0,0,686,31,3.0,McCoDe99
Anthony McCoy,TE,2015,0,0,1,4,41,0,0,0,0,0,0,0,0,31,437,3,,,,McCoAn00
Colt McCoy,QB,2021,0,0,2,16,52,674,1088,7195,33,29,161,546,2,2,8,0,1,,,McCoCo00
Gerald McCoy,DT,2021,1,6,10,69,140,0,0,0,0,0,0,0,0,0,0,0,235,,59.5,McCoGe99
Danny McCray,DB,2015,0,0,1,7,91,0,0,0,0,0,1,2,0,0,0,0,107,2,1.0,McCrDa00
Walter McFadden,DB,2010,0,0,0,0,4,0,0,0,0,0,0,0,0,0,0,0,5,,,McFaWa99
Joe McKnight,RB,2014,0,0,0,7,41,0,0,0,0,0,113,505,0,23,241,2,8,,,McKnJo00
Steve McLendon,DT,2021,0,0,7,40,165,0,0,0,0,0,0,0,0,0,0,0,172,1,13.0,McLeSt00
Sherrick McManis,DB,2020,0,0,0,9,142,0,0,0,0,0,0,0,0,0,0,0,125,3,1.0,McMaSh99
Zoltan Mesko,P,2013,0,0,0,6,55,0,0,0,0,0,0,0,0,0,0,0,2,,,MeskZo99
Jeromy Miles,DB,2014,0,0,0,5,67,0,0,0,0,0,0,0,0,0,0,0,68,1,,MileJe00
Lonyae Miller,RB,2010,0,0,0,0,4,0,0,0,0,0,0,0,0,0,0,0,,,,MillLo00
Nick Miller,WR,2011,0,0,0,1,17,0,0,0,0,0,0,0,0,4,48,0,1,,,MillNi00
Prince Miller,DB,2012,0,0,0,0,6,0,0,0,0,0,0,0,0,0,0,0,4,,,MillPr00
Koa Misi,LB,2016,0,0,6,30,84,0,0,0,0,0,0,0,0,0,0,0,258,,12.0,MisiKo99
Carlton Mitchell,WR,2011,0,0,0,0,16,0,0,0,0,0,1,9,0,3,31,0,3,,,MitcCa00
Earl Mitchell,DT,2019,0,0,4,29,130,0,0,0,0,0,0,0,0,0,0,0,163,,6.5,MitcEa99
Arthur Moats,LB,2017,0,0,3,22,121,0,0,0,0,0,0,0,0,0,0,0,136,,16.5,MoatAr00
Tony Moeaki,TE,2015,0,0,2,10,49,0,0,0,0,0,0,0,0,91,1201,6,,,,MoeaTo00
Joshua Moore,DB,2010,0,0,0,0,3,0,0,0,0,0,0,0,0,0,0,0,1,,,MoorJo99
Marlon Moore,WR,2015,0,0,0,2,70,0,0,0,0,0,3,34,0,26,387,3,23,,,MoorMa02
Aaron Morgan,LB,2012,0,0,0,1,18,0,0,0,0,0,0,0,0,0,0,0,6,,,MorgAa00
Derrick Morgan,DE,2018,0,0,8,40,118,0,0,0,0,0,0,0,0,0,0,0,208,,44.5,MorgDe99
Roddrick Muckelroy,LB,2012,0,0,0,2,21,0,0,0,0,0,0,0,0,0,0,0,4,,,MuckRo99
Jerome Murphy,DB,2013,0,0,0,3,33,0,0,0,0,0,0,0,0,0,0,0,33,1,,MurpJe99
Dimitri Nance,RB,2010,0,0,0,1,12,0,0,0,0,0,36,95,0,3,30,0,3,,,NancDi00
Mike Neal,LB,2015,0,0,2,17,68,0,0,0,0,0,0,0,0,0,0,0,92,1,19.0,NealMi99
Andre Neblett,DT,2013,0,0,0,4,31,0,0,0,0,0,0,0,0,0,0,0,28,,3.0,NeblAn00
David Nelson,WR,2014,0,0,1,11,50,0,0,0,0,0,0,0,0,138,1530,10,,,,NelsDa01
Nate Ness,DB,2014,0,0,0,0,9,0,0,0,0,0,0,0,0,0,0,0,7,,,NessNa00
Mike Newton,DB,2010,0,0,0,1,12,0,0,0,0,0,0,0,0,0,0,0,4,,,NewtMi00
Eric Norwood,LB,2011,0,0,0,2,28,0,0,0,0,0,0,0,0,0,0,0,19,,1.0,NorwEr99
Jared Odrick,DT,2016,0,0,3,29,87,0,0,0,0,0,0,0,0,0,0,0,135,1,23.0,OdriJa99
Russell Okung,T,2020,0,2,9,56,131,0,0,0,0,0,0,0,0,0,0,0,1,,,OkunRu20
Eric Olsen,G,2014,0,0,0,3,23,0,0,0,0,0,0,0,0,0,0,0,,,,OlseEr20
Fendi Onobun,TE,2011,0,0,0,0,4,0,0,0,0,0,0,0,0,2,15,0,1,,,OnobFe00
Jeff Owens,DT,2010,0,0,0,0,1,0,0,0,0,0,0,0,0,0,0,0,,,,OwenJe20
Akwasi Owusu-Ansah,DB,2013,0,0,0,1,15,0,0,0,0,0,0,0,0,0,0,0,15,,,OwusAk99
Tyler Palko,QB,2011,0,0,0,2,8,84,140,831,2,7,7,20,0,0,0,0,,,,PalkTy00
Michael Palmer,TE,2014,0,0,0,1,74,0,0,0,0,0,0,0,0,23,132,4,4,,,PalmMi00
Preston Parker,WR,2015,0,0,0,7,45,0,0,0,0,0,3,11,0,85,1054,5,5,,,ParkPr00
Logan Paulsen,TE,2018,0,0,5,7,120,0,0,0,0,0,0,0,0,91,907,7,4,,,PaulLo00
Joe Pawelek,LB,2010,0,0,0,0,1,0,0,0,0,0,0,0,0,0,0,0,,,,PaweJo20
David Pender,DB,2010,0,0,0,0,3,0,0,0,0,0,0,0,0,0,0,0,2,,,PendDa00
Corey Peters,DT,2021,0,0,9,48,152,0,0,0,0,0,0,0,0,0,0,0,203,1,19.0,PeteCo00
Mitch Petrus,G,2012,0,0,0,4,27,0,0,0,0,0,0,0,0,0,0,0,,,,PetrMi20
Aaron Pettrey,K,2010,0,0,0,0,2,0,0,0,0,0,0,0,0,0,0,0,,,,PettAa00
Randy Phillips,DB,2010,0,0,0,0,4,0,0,0,0,0,0,0,0,0,0,0,5,,,PhilRa99
Jason Pierre-Paul,DE,2021,1,3,10,71,165,0,0,0,0,0,0,0,0,0,0,0,438,4,91.5,PierJa99
Tony Pike,QB,2010,0,0,0,0,1,6,12,47,0,0,0,0,0,0,0,0,,,,PikeTo00
Dennis Pitta,TE,2016,0,0,1,16,66,0,0,0,0,0,0,0,0,224,2098,13,2,,,PittDe00
Maurkice Pouncey,C,2020,2,9,9,78,134,0,0,0,0,0,0,0,0,1,0,0,,,,PounMa20
Paul Pratt,DB,2010,0,0,0,0,2,0,0,0,0,0,0,0,0,0,0,0,,,,PratPa20
Brian Price,DT,2011,0,0,1,4,20,0,0,0,0,0,0,0,0,0,0,0,23,,3.0,PricBr99
Taylor Price,WR,2011,0,0,0,1,6,0,0,0,0,0,0,0,0,5,80,0,,,,PricTa00
Jordan Pugh,DB,2013,0,0,0,4,44,0,0,0,0,0,0,0,0,0,0,0,44,2,1.0,PughJo99
Tanner Purdum,C,2016,0,0,0,6,112,0,0,0,0,0,0,0,0,0,0,0,5,,,PurdTa00
Andrew Quarless,TE,2015,0,0,2,9,60,0,0,0,0,0,0,0,0,89,940,6,3,,,QuarAn00
Donovan Raiola,C,2010,0,0,0,0,1,0,0,0,0,0,0,0,0,0,0,0,,,,RaioDo00
Sha'reff Rashad,DB,2010,0,0,0,0,1,0,0,0,0,0,0,0,0,0,0,0,,,,RashSh20
David Reed,WR,2013,0,0,0,2,36,0,0,0,0,0,2,31,0,6,68,0,18,,,ReedDa00
Vincent Rey,LB,2018,0,0,2,31,128,0,0,0,0,0,0,0,0,0,0,0,299,5,6.0,ReyxVi00
Perry Riley,LB,2016,0,0,6,30,90,0,0,0,0,0,0,0,0,0,0,0,308,3,9.5,RilePe00
Andre Roberts,WR,2021,1,3,2,24,179,0,0,0,0,0,16,120,0,262,3079,15,,,,RobeAn00
Patrick Robinson,DB,2020,0,0,1,25,123,0,0,0,0,0,0,0,0,0,0,0,281,16,2.0,RobiPa99
Naaman Roosevelt,WR,2011,0,0,0,3,16,0,0,0,0,0,1,3,0,25,396,1,1,,,RoosNa00
Anderson Russell,DB,2012,0,0,0,0,8,0,0,0,0,0,0,0,0,0,0,0,2,,,RussAn01
Jimmy Saddler-McQueen,DT,2012,0,0,0,0,2,0,0,0,0,0,0,0,0,0,0,0,,,,SaddJi20
Rodger Saffold,T,2021,0,1,10,65,160,0,0,0,0,0,0,0,0,0,0,0,,,,SaffRo20
Emmanuel Sanders,WR,2021,0,2,9,63,172,3,3,78,2,0,21,202,1,704,9245,51,8,,,SandEm00
Shann Schillinger,DB,2013,0,0,0,2,37,1,1,-8,0,0,0,0,0,0,0,0,13,,,SchiSh99
O'Brien Schofield,LB,2016,0,0,2,15,84,0,0,0,0,0,0,0,0,0,0,0,117,,15.5,SchoOB99
George Selvie,DE,2015,0,0,2,17,80,0,0,0,0,0,0,0,0,0,0,0,101,,14.0,SelvGe99
Andrew Sendejo,DB,2021,0,0,5,29,136,0,0,0,0,0,1,48,0,0,0,0,374,9,2.0,SendAn00
Darryl Sharpton,LB,2014,0,0,1,10,47,0,0,0,0,0,0,0,0,0,0,0,117,1,1.0,SharDa01
Malcolm Sheppard,DT,2011,0,0,0,1,17,0,0,0,0,0,0,0,0,0,0,0,11,,,ShepMa00
Marcus Sherels,DB,2019,0,0,0,13,128,0,0,0,0,0,0,0,0,0,0,0,95,1,1.0,SherMa20
Sam Shields,DB,2018,0,1,4,26,96,0,0,0,0,0,0,0,0,1,12,0,232,19,1.0,ShieSa00
Jordan Shipley,WR,2012,0,0,0,7,24,0,0,0,0,0,0,0,0,79,858,4,,,,ShipJo00
Mickey Shuler,TE,2015,0,0,0,0,10,0,0,0,0,0,0,0,0,2,44,0,,,,ShulMi01
Maurice Simpkins,LB,2010,0,0,0,0,2,0,0,0,0,0,0,0,0,0,0,0,,,,SimpMa00
Eugene Sims,LB,2016,0,0,1,17,99,0,0,0,0,0,0,0,0,0,0,0,110,2,12.0,SimsEu99
John Skelton,QB,2012,0,0,1,4,20,320,602,3707,15,25,42,182,0,0,0,0,,,,SkelJo00
Alfonso Smith,RB,2014,0,0,0,2,49,0,0,0,0,0,55,175,2,18,121,0,11,,,SmitAl22
Antone Smith,RB,2016,0,0,0,5,67,0,0,0,0,0,40,344,4,21,309,3,24,,,SmitAn01
Rusty Smith,QB,2012,0,0,0,1,3,23,45,234,0,4,0,0,0,0,0,0,,,,SmitRu01
Taj Smith,WR,2010,0,0,0,0,5,0,0,0,0,0,0,0,0,0,0,0,3,,,SmitTa00
Amari Spievey,DB,2012,0,0,2,11,35,0,0,0,0,0,0,0,0,0,0,0,117,5,1.0,SpieAm99
Brandon Spikes,LB,2016,0,0,5,25,78,0,0,0,0,0,0,0,0,0,0,0,212,2,2.0,SpikBr99
C.J. Spiller,RB,2017,0,1,3,34,90,0,0,0,0,0,712,3451,12,198,1484,9,2,,,SpilC.00
Austin Spitler,LB,2013,0,0,0,5,55,0,0,0,0,0,0,0,0,0,0,0,27,,,SpitAu99
James Starks,RB,2016,0,0,0,26,76,0,0,0,0,0,618,2506,9,125,1017,6,,,,StarJa00
Darian Stewart,DB,2019,0,1,6,38,143,0,0,0,0,0,0,0,0,0,0,0,367,11,5.0,StewDa00
Clint Stitser,K,2010,0,0,0,0,5,0,0,0,0,0,0,0,0,0,0,0,1,,,StitCl00
Darrell Stuckey,S,2016,0,1,0,8,89,0,0,0,0,0,0,0,0,0,0,0,73,,1.0,StucDa20
Ndamukong Suh,DT,2021,3,5,12,100,191,0,0,0,0,0,0,0,0,0,0,0,388,1,70.5,SuhxNd99
Nick Sundberg,C,2020,0,0,0,7,152,0,0,0,0,0,0,0,0,0,0,0,13,,,SundNi00
Stevenson Sylvester,LB,2013,0,0,0,6,50,0,0,0,0,0,0,0,0,0,0,0,25,,,SylvSt99
Golden Tate,WR,2020,0,1,7,58,160,2,3,41,1,0,44,216,0,695,8278,46,,,,TateGo00
Daniel Te'o-Nesheim,DE,2013,0,0,2,12,39,0,0,0,0,0,0,0,0,0,0,0,36,,5.0,Teo-Da99
Tim Tebow,QB,2012,0,0,1,12,35,173,361,2422,17,9,197,989,12,0,0,0,1,,,TeboTi00
Matt Tennant,C,2012,0,0,0,3,36,0,0,0,0,0,0,0,0,0,0,0,,,,TennMa20
Cam Thomas,DT,2017,0,0,2,16,103,0,0,0,0,0,0,0,0,0,0,0,83,1,7.5,ThomCa99
Demaryius Thomas,WR,2019,0,4,8,69,143,0,1,0,0,0,3,6,0,724,9763,63,2,,,ThomDe03
Earl Thomas,DB,2019,3,7,9,82,140,0,0,0,0,0,0,0,0,0,0,0,497,30,2.0,ThomEa99
Syd'Quan Thompson,DB,2010,0,0,0,1,13,0,0,0,0,0,0,0,0,0,0,0,12,2,,ThomSy99
Walter Thurmond,DB,2015,0,0,1,12,52,0,0,0,0,0,0,0,0,0,0,0,121,4,3.0,ThurWa99
Keith Toston,RB,2012,0,0,0,2,21,0,0,0,0,0,36,128,0,5,70,0,4,,,TostKe00
Derrick Townsel,WR,2010,0,0,0,0,1,0,0,0,0,0,0,0,0,0,0,0,,,,TownDe21
Nate Triplett,LB,2011,0,0,0,0,8,0,0,0,0,0,0,0,0,0,0,0,4,,,TripNa99
Torell Troup,DT,2011,0,0,0,2,21,0,0,0,0,0,0,0,0,0,0,0,17,,,TrouTo00
Isaiah Trufant,DB,2013,0,0,0,3,39,0,0,0,0,0,0,0,0,0,0,0,35,,,TrufIs00
Verran Tucker,WR,2010,0,0,0,1,11,0,0,0,0,0,0,0,0,6,114,1,12,,,TuckVe00
Barry Turner,DT,2010,0,0,0,0,2,0,0,0,0,0,0,0,0,0,0,0,1,,,TurnBa01
Josh Vaughan,RB,2013,0,0,0,0,16,0,0,0,0,0,11,32,1,1,-5,0,7,,,VaugJo01
Cassius Vaughn,DB,2015,0,0,1,14,69,0,0,0,0,0,0,0,0,0,0,0,125,7,,VaugCa00
Jared Veldheer,T,2020,0,0,8,45,121,0,0,0,0,0,0,0,0,0,0,0,,,,VeldJa20
Alterraun Verner,DB,2017,0,1,4,33,125,0,0,0,0,0,0,0,0,0,0,0,371,15,0.5,VernAl99
Jamar Wall,DB,2010,0,0,0,0,2,0,0,0,0,0,0,0,0,0,0,0,1,,,WallJa99
Roberto Wallace,WR,2011,0,0,0,0,14,0,0,0,0,0,0,0,0,6,62,0,8,,,WallRo01
J.D. Walton,C,2015,0,0,3,22,56,0,0,0,0,0,0,0,0,0,0,0,,,,WaltJ.20
Ed Wang,T,2010,0,0,0,0,6,0,0,0,0,0,0,0,0,0,0,0,,,,WangEd20
T.J. Ward,DB,2017,0,2,7,41,107,0,0,0,0,0,0,0,0,0,0,0,458,8,8.5,WardT.99
Jeremy Ware,FB,2010,0,0,0,1,8,0,0,0,0,0,0,0,0,0,0,0,1,1,,WareJe99
Daryl Washington,LB,2013,0,1,4,34,59,0,0,0,0,0,0,0,0,0,0,0,329,6,18.0,WashDa99
Dekoda Watson,LB,2019,0,0,0,11,108,0,0,0,0,0,0,0,0,0,0,0,122,1,6.0,WatsDe99
Sean Weatherspoon,LB,2017,0,0,2,22,67,0,0,0,0,0,0,0,0,0,0,0,244,2,8.0,WeatSe99
J'Marcus Webb,T,2020,0,0,4,29,96,0,0,0,0,0,0,0,0,0,0,0,,,,WebbJM20
Joe Webb,WR,2020,0,0,0,4,104,90,159,888,3,6,50,326,4,10,74,0,24,,,WebbJo00
Jon Weeks,C,2021,0,1,0,12,193,0,0,0,0,0,0,0,0,0,0,0,13,,,WeekJo00
Blair White,WR,2011,0,0,0,3,20,0,0,0,0,0,0,0,0,36,355,5,2,,,WhitBl00
Damian Williams,WR,2014,0,0,1,10,57,0,0,0,0,0,1,5,0,107,1327,5,4,,,WillDa04
Dan Williams,DT,2016,0,0,6,29,102,0,0,0,0,0,0,0,0,0,0,0,154,1,3.5,WillDa99
Keiland Williams,RB,2012,0,0,0,5,44,0,0,0,0,0,125,459,5,49,380,2,5,,,WillKe03
Kyle Williams,WR,2013,0,0,0,6,39,0,0,0,0,0,8,76,0,47,574,4,,,,WillKy01
Mike Williams,WR,2014,0,0,3,25,63,1,1,28,0,0,1,3,0,223,3089,26,,,,WillMi04
Stephen Williams,WR,2013,0,0,0,1,19,0,0,0,0,0,0,0,0,9,101,0,,,,WillSt01
Torri Williams,DB,2010,0,0,0,0,1,0,0,0,0,0,0,0,0,0,0,0,,,,WillTo24
Trent Williams,T,2021,1,9,11,78,149,0,0,0,0,0,0,0,0,0,0,0,1,,,WillTr21
C.J. Wilson,DE,2016,0,0,2,13,84,0,0,0,0,0,0,0,0,0,0,0,87,,7.5,WilsC.98
E.J. Wilson,DE,2010,0,0,0,0,2,0,0,0,0,0,0,0,0,0,0,0,1,,,WilsE.99
Kion Wilson,LB,2013,0,0,0,1,15,0,0,0,0,0,0,0,0,0,0,0,14,,,WilsKi00
Kyle Wilson,DB,2015,0,0,2,16,95,0,0,0,0,0,0,0,0,0,0,0,167,4,1.0,WilsKy99
Mike Windt,C,2018,0,0,0,7,133,0,0,0,0,0,0,0,0,0,0,0,11,,,WindMi00
Al Woods,DT,2021,0,0,5,29,141,0,0,0,0,0,0,0,0,0,0,0,135,,7.0,WoodAl99
Corey Wootton,DE,2014,0,0,1,14,60,0,0,0,0,0,0,0,0,0,0,0,65,,12.0,WootCo99
Jason Worilds,DE,2014,0,0,2,22,73,0,0,0,0,0,0,0,0,0,0,0,144,1,25.5,WoriJa99
Major Wright,DB,2016,0,0,3,20,77,0,0,0,0,0,0,0,0,0,0,0,244,9,,WrigMa99
Darrel Young,FB,2015,0,0,4,5,90,0,0,0,0,0,51,185,7,45,432,6,25,,,YounDa01
Sam Young,T,2020,0,0,1,16,103,0,0,0,0,0,0,0,0,0,0,0,,,,YounSa21
Willie Young,DE,2017,0,0,2,22,98,0,0,0,0,0,0,0,0,0,0,0,122,1,32.0,YounWi99
Frank Zombo,LB,2018,0,0,3,23,114,0,0,0,0,0,0,0,0,0,0,0,146,1,12.5,ZombFr00